{"todo_task": {"science": 8, "cv": 3}, "give_up": {"japanese": 13, "math": 12, "English": 11}, "user_planning_time": {"science": 61.53846153846154, "cv": 23.076923076923077}}